match_id,date,group,stage,team_a,team_b,status,team_a_goals,team_b_goals,winner_country,result_label,total_goals,both_teams_scored,over_2_5,updated_at
MEX-RSA-2026-06-11,2026-06-11,A,group,Mexico,South Africa,complete,2,0,Mexico,team_a_win,2,false,false,2026-06-24T00:57:00+00:00
KOR-CZE-2026-06-11,2026-06-11,A,group,South Korea,Czechia,complete,2,1,South Korea,team_a_win,3,true,true,2026-06-24T00:57:00+00:00
CAN-BIH-2026-06-12,2026-06-12,B,group,Canada,Bosnia and Herzegovina,complete,1,1,Draw,draw,2,true,false,2026-06-24T00:57:00+00:00
USA-PAR-2026-06-12,2026-06-12,D,group,United States,Paraguay,complete,4,1,United States,team_a_win,5,true,true,2026-06-24T00:57:00+00:00
QAT-SUI-2026-06-13,2026-06-13,B,group,Qatar,Switzerland,complete,1,1,Draw,draw,2,true,false,2026-06-24T00:57:00+00:00
BRA-MAR-2026-06-13,2026-06-13,C,group,Brazil,Morocco,complete,1,1,Draw,draw,2,true,false,2026-06-24T00:57:00+00:00
HAI-SCO-2026-06-13,2026-06-13,C,group,Haiti,Scotland,complete,0,1,Scotland,team_b_win,1,false,false,2026-06-24T00:57:00+00:00
AUS-TUR-2026-06-14,2026-06-14,D,group,Australia,Türkiye,complete,2,0,Australia,team_a_win,2,false,false,2026-06-24T00:57:00+00:00
GER-CUW-2026-06-14,2026-06-14,E,group,Germany,Curaçao,complete,7,1,Germany,team_a_win,8,true,true,2026-06-24T00:57:00+00:00
NED-JPN-2026-06-14,2026-06-14,F,group,Netherlands,Japan,complete,2,2,Draw,draw,4,true,true,2026-06-24T00:57:00+00:00
CIV-ECU-2026-06-14,2026-06-14,E,group,Côte d'Ivoire,Ecuador,complete,1,0,Côte d'Ivoire,team_a_win,1,false,false,2026-06-24T00:57:00+00:00
SWE-TUN-2026-06-14,2026-06-14,F,group,Sweden,Tunisia,complete,5,1,Sweden,team_a_win,6,true,true,2026-06-24T00:57:00+00:00
ESP-CPV-2026-06-15,2026-06-15,H,group,Spain,Cabo Verde,complete,0,0,Draw,draw,0,false,false,2026-06-24T00:57:00+00:00
BEL-EGY-2026-06-15,2026-06-15,G,group,Belgium,Egypt,complete,1,1,Draw,draw,2,true,false,2026-06-24T00:57:00+00:00
KSA-URU-2026-06-15,2026-06-15,H,group,Saudi Arabia,Uruguay,complete,1,1,Draw,draw,2,true,false,2026-06-24T00:57:00+00:00
IRN-NZL-2026-06-15,2026-06-15,G,group,IR Iran,New Zealand,complete,2,2,Draw,draw,4,true,true,2026-06-24T00:57:00+00:00
FRA-SEN-2026-06-16,2026-06-16,I,group,France,Senegal,complete,3,1,France,team_a_win,4,true,true,2026-06-24T00:57:00+00:00
IRQ-NOR-2026-06-16,2026-06-16,I,group,Iraq,Norway,complete,1,4,Norway,team_b_win,5,true,true,2026-06-24T00:57:00+00:00
ARG-ALG-2026-06-16,2026-06-16,J,group,Argentina,Algeria,complete,3,0,Argentina,team_a_win,3,false,true,2026-06-24T00:57:00+00:00
AUT-JOR-2026-06-17,2026-06-17,J,group,Austria,Jordan,complete,3,1,Austria,team_a_win,4,true,true,2026-06-24T00:57:00+00:00
POR-COD-2026-06-17,2026-06-17,K,group,Portugal,Congo DR,complete,1,1,Draw,draw,2,true,false,2026-06-24T00:57:00+00:00
ENG-CRO-2026-06-17,2026-06-17,L,group,England,Croatia,complete,4,2,England,team_a_win,6,true,true,2026-06-24T00:57:00+00:00
GHA-PAN-2026-06-17,2026-06-17,L,group,Ghana,Panama,complete,1,0,Ghana,team_a_win,1,false,false,2026-06-24T00:57:00+00:00
UZB-COL-2026-06-17,2026-06-17,K,group,Uzbekistan,Colombia,complete,1,3,Colombia,team_b_win,4,true,true,2026-06-24T00:57:00+00:00
CZE-RSA-2026-06-18,2026-06-18,A,group,Czechia,South Africa,complete,1,1,Draw,draw,2,true,false,2026-06-24T00:57:00+00:00
SUI-BIH-2026-06-18,2026-06-18,B,group,Switzerland,Bosnia and Herzegovina,complete,4,1,Switzerland,team_a_win,5,true,true,2026-06-24T00:57:00+00:00
CAN-QAT-2026-06-18,2026-06-18,B,group,Canada,Qatar,complete,6,0,Canada,team_a_win,6,false,true,2026-06-24T00:57:00+00:00
MEX-KOR-2026-06-18,2026-06-18,A,group,Mexico,South Korea,complete,1,0,Mexico,team_a_win,1,false,false,2026-06-24T00:57:00+00:00
USA-AUS-2026-06-19,2026-06-19,D,group,United States,Australia,complete,2,0,United States,team_a_win,2,false,false,2026-06-24T00:57:00+00:00
MAR-SCO-2026-06-19,2026-06-19,C,group,Morocco,Scotland,complete,1,0,Morocco,team_a_win,1,false,false,2026-06-24T00:57:00+00:00
HAI-BRA-2026-06-19,2026-06-19,C,group,Haiti,Brazil,complete,0,3,Brazil,team_b_win,3,false,true,2026-06-24T00:57:00+00:00
TUR-PAR-2026-06-19,2026-06-19,D,group,Türkiye,Paraguay,complete,0,1,Paraguay,team_b_win,1,false,false,2026-06-24T00:57:00+00:00
NED-SWE-2026-06-20,2026-06-20,F,group,Netherlands,Sweden,complete,5,1,Netherlands,team_a_win,6,true,true,2026-06-24T00:57:00+00:00
GER-CIV-2026-06-20,2026-06-20,E,group,Germany,Côte d'Ivoire,complete,2,1,Germany,team_a_win,3,true,true,2026-06-24T00:57:00+00:00
ECU-CUW-2026-06-20,2026-06-20,E,group,Ecuador,Curaçao,complete,0,0,Draw,draw,0,false,false,2026-06-24T00:57:00+00:00
TUN-JPN-2026-06-20,2026-06-20,F,group,Tunisia,Japan,complete,0,4,Japan,team_b_win,4,false,true,2026-06-24T00:57:00+00:00
ESP-KSA-2026-06-21,2026-06-21,H,group,Spain,Saudi Arabia,complete,4,0,Spain,team_a_win,4,false,true,2026-06-24T00:57:00+00:00
BEL-IRN-2026-06-21,2026-06-21,G,group,Belgium,IR Iran,complete,0,0,Draw,draw,0,false,false,2026-06-24T00:57:00+00:00
CPV-URU-2026-06-21,2026-06-21,H,group,Cabo Verde,Uruguay,complete,2,2,Draw,draw,4,true,true,2026-06-24T00:57:00+00:00
EGY-NZL-2026-06-21,2026-06-21,G,group,Egypt,New Zealand,complete,3,1,Egypt,team_a_win,4,true,true,2026-06-24T00:57:00+00:00
ARG-AUT-2026-06-22,2026-06-22,J,group,Argentina,Austria,complete,2,0,Argentina,team_a_win,2,false,false,2026-06-24T00:57:00+00:00
FRA-IRQ-2026-06-22,2026-06-22,I,group,France,Iraq,complete,3,0,France,team_a_win,3,false,true,2026-06-24T00:57:00+00:00
NOR-SEN-2026-06-22,2026-06-22,I,group,Norway,Senegal,complete,3,2,Norway,team_a_win,5,true,true,2026-06-24T00:57:00+00:00
JOR-ALG-2026-06-22,2026-06-22,J,group,Jordan,Algeria,complete,1,2,Algeria,team_b_win,3,true,true,2026-06-24T00:57:00+00:00
POR-UZB-2026-06-23,2026-06-23,K,group,Portugal,Uzbekistan,complete,5,0,Portugal,team_a_win,5,false,true,2026-06-24T00:57:00+00:00
ENG-GHA-2026-06-23,2026-06-23,L,group,England,Ghana,complete,0,0,Draw,draw,0,false,false,2026-06-24T00:57:00+00:00
CRO-PAN-2026-06-23,2026-06-23,L,group,Croatia,Panama,complete,1,0,Croatia,team_a_win,1,false,false,2026-06-24T00:57:00+00:00
COL-COD-2026-06-23,2026-06-23,K,group,Colombia,Congo DR,complete,1,0,Colombia,team_a_win,1,false,false,2026-06-24T00:57:00+00:00
CZE-MEX-2026-06-24,2026-06-24,A,group,Czechia,Mexico,complete,0,3,Mexico,team_b_win,3,false,true,2026-07-04T14:45:00+00:00
RSA-KOR-2026-06-24,2026-06-24,A,group,South Africa,South Korea,complete,1,0,South Africa,team_a_win,1,false,false,2026-07-04T14:45:00+00:00
SUI-CAN-2026-06-24,2026-06-24,B,group,Switzerland,Canada,complete,2,1,Switzerland,team_a_win,3,true,true,2026-07-04T14:45:00+00:00
BIH-QAT-2026-06-24,2026-06-24,B,group,Bosnia and Herzegovina,Qatar,complete,3,1,Bosnia and Herzegovina,team_a_win,4,true,true,2026-07-04T14:45:00+00:00
MAR-HAI-2026-06-24,2026-06-24,C,group,Morocco,Haiti,complete,4,2,Morocco,team_a_win,6,true,true,2026-07-04T14:45:00+00:00
SCO-BRA-2026-06-24,2026-06-24,C,group,Scotland,Brazil,complete,0,3,Brazil,team_b_win,3,false,true,2026-07-04T14:45:00+00:00
TUR-USA-2026-06-25,2026-06-25,D,group,Türkiye,United States,complete,3,2,Türkiye,team_a_win,5,true,true,2026-07-04T14:45:00+00:00
PAR-AUS-2026-06-25,2026-06-25,D,group,Paraguay,Australia,complete,0,0,Draw,draw,0,false,false,2026-07-04T14:45:00+00:00
CUW-CIV-2026-06-25,2026-06-25,E,group,Curaçao,Côte d'Ivoire,complete,0,2,Côte d'Ivoire,team_b_win,2,false,false,2026-07-04T14:45:00+00:00
ECU-GER-2026-06-25,2026-06-25,E,group,Ecuador,Germany,complete,2,1,Ecuador,team_a_win,3,true,true,2026-07-04T14:45:00+00:00
TUN-NED-2026-06-25,2026-06-25,F,group,Tunisia,Netherlands,complete,1,3,Netherlands,team_b_win,4,true,true,2026-07-04T14:45:00+00:00
JPN-SWE-2026-06-25,2026-06-25,F,group,Japan,Sweden,complete,1,1,Draw,draw,2,true,false,2026-07-04T14:45:00+00:00
EGY-IRN-2026-06-26,2026-06-26,G,group,Egypt,IR Iran,complete,0,0,Draw,draw,0,false,false,2026-07-04T14:45:00+00:00
NZL-BEL-2026-06-26,2026-06-26,G,group,New Zealand,Belgium,complete,1,5,Belgium,team_b_win,6,true,true,2026-07-04T14:45:00+00:00
CPV-KSA-2026-06-26,2026-06-26,H,group,Cabo Verde,Saudi Arabia,complete,0,0,Draw,draw,0,false,false,2026-07-04T14:45:00+00:00
URU-ESP-2026-06-26,2026-06-26,H,group,Uruguay,Spain,complete,0,1,Spain,team_b_win,1,false,false,2026-07-04T14:45:00+00:00
NOR-FRA-2026-06-26,2026-06-26,I,group,Norway,France,complete,1,4,France,team_b_win,5,true,true,2026-07-04T14:45:00+00:00
SEN-IRQ-2026-06-26,2026-06-26,I,group,Senegal,Iraq,complete,5,0,Senegal,team_a_win,5,false,true,2026-07-04T14:45:00+00:00
JOR-ARG-2026-06-27,2026-06-27,J,group,Jordan,Argentina,complete,1,3,Argentina,team_b_win,4,true,true,2026-07-04T14:45:00+00:00
ALG-AUT-2026-06-27,2026-06-27,J,group,Algeria,Austria,complete,3,3,Draw,draw,6,true,true,2026-07-04T14:45:00+00:00
COL-POR-2026-06-27,2026-06-27,K,group,Colombia,Portugal,complete,0,0,Draw,draw,0,false,false,2026-07-04T14:45:00+00:00
COD-UZB-2026-06-27,2026-06-27,K,group,Congo DR,Uzbekistan,complete,3,1,Congo DR,team_a_win,4,true,true,2026-07-04T14:45:00+00:00
CRO-GHA-2026-06-27,2026-06-27,L,group,Croatia,Ghana,complete,2,1,Croatia,team_a_win,3,true,true,2026-07-04T14:45:00+00:00
PAN-ENG-2026-06-27,2026-06-27,L,group,Panama,England,complete,0,2,England,team_b_win,2,false,false,2026-07-04T14:45:00+00:00
M73,2026-06-28,,round_of_32,South Africa,Canada,complete,0,1,Canada,team_b_win,1,false,false,2026-07-04T14:45:00+00:00
M76,2026-06-29,,round_of_32,Brazil,Japan,complete,2,1,Brazil,team_a_win,3,true,true,2026-07-04T14:45:00+00:00
M74,2026-06-29,,round_of_32,Germany,Paraguay,complete,1,1,Draw,draw,2,true,false,2026-07-04T14:45:00+00:00
M75,2026-06-29,,round_of_32,Netherlands,Morocco,complete,1,1,Draw,draw,2,true,false,2026-07-04T14:45:00+00:00
M78,2026-06-30,,round_of_32,Côte d'Ivoire,Norway,complete,1,2,Norway,team_b_win,3,true,true,2026-07-04T14:45:00+00:00
M77,2026-06-30,,round_of_32,France,Sweden,complete,3,0,France,team_a_win,3,false,true,2026-07-04T14:45:00+00:00
M79,2026-06-30,,round_of_32,Mexico,Ecuador,complete,2,0,Mexico,team_a_win,2,false,false,2026-07-04T14:45:00+00:00
M80,2026-07-01,,round_of_32,England,Congo DR,complete,2,1,England,team_a_win,3,true,true,2026-07-04T14:45:00+00:00
M82,2026-07-01,,round_of_32,Belgium,Senegal,complete,3,2,Belgium,team_a_win,5,true,true,2026-07-04T14:45:00+00:00
M81,2026-07-01,,round_of_32,United States,Bosnia and Herzegovina,complete,2,0,United States,team_a_win,2,false,false,2026-07-04T14:45:00+00:00
M84,2026-07-02,,round_of_32,Spain,Austria,complete,3,0,Spain,team_a_win,3,false,true,2026-07-04T14:45:00+00:00
M83,2026-07-02,,round_of_32,Portugal,Croatia,complete,2,1,Portugal,team_a_win,3,true,true,2026-07-04T14:45:00+00:00
M85,2026-07-02,,round_of_32,Switzerland,Algeria,complete,2,0,Switzerland,team_a_win,2,false,false,2026-07-04T14:45:00+00:00
M88,2026-07-03,,round_of_32,Australia,Egypt,complete,1,1,Draw,draw,2,true,false,2026-07-04T14:45:00+00:00
M86,2026-07-03,,round_of_32,Argentina,Cabo Verde,complete,3,2,Argentina,team_a_win,5,true,true,2026-07-04T14:45:00+00:00
M87,2026-07-03,,round_of_32,Colombia,Ghana,complete,1,0,Colombia,team_a_win,1,false,false,2026-07-04T14:45:00+00:00
M90,2026-07-04,,round_of_16,Canada,Morocco,complete,0,3,Morocco,team_b_win,3,false,true,2026-07-08T10:20:00+00:00
M89,2026-07-04,,round_of_16,Paraguay,France,complete,0,1,France,team_b_win,1,false,false,2026-07-08T10:20:00+00:00
M91,2026-07-05,,round_of_16,Brazil,Norway,complete,1,2,Norway,team_b_win,3,true,true,2026-07-08T10:20:00+00:00
M92,2026-07-06,,round_of_16,Mexico,England,complete,2,3,England,team_b_win,5,true,true,2026-07-08T10:20:00+00:00
M93,2026-07-06,,round_of_16,Portugal,Spain,complete,0,1,Spain,team_b_win,1,false,false,2026-07-08T10:20:00+00:00
M94,2026-07-07,,round_of_16,United States,Belgium,complete,1,4,Belgium,team_b_win,5,true,true,2026-07-08T10:20:00+00:00
M95,2026-07-07,,round_of_16,Argentina,Egypt,complete,3,2,Argentina,team_a_win,5,true,true,2026-07-08T10:20:00+00:00
M96,2026-07-07,,round_of_16,Switzerland,Colombia,complete,0,0,Draw,draw,0,false,false,2026-07-08T10:20:00+00:00
M97,2026-07-09,,quarter_final,France,Morocco,complete,2,0,France,team_a_win,2,false,false,2026-07-14T10:00:00+00:00
M98,2026-07-10,,quarter_final,Spain,Belgium,complete,2,1,Spain,team_a_win,3,true,true,2026-07-14T10:00:00+00:00
M99,2026-07-11,,quarter_final,Norway,England,complete,1,2,England,team_b_win,3,true,true,2026-07-14T10:00:00+00:00
M100,2026-07-12,,quarter_final,Argentina,Switzerland,complete,3,1,Argentina,team_a_win,4,true,true,2026-07-14T10:00:00+00:00
M101,2026-07-14,,semi_final,France,Spain,complete,0,2,Spain,team_b_win,2,false,false,2026-07-15T21:30:00+00:00
M102,2026-07-15,,semi_final,England,Argentina,complete,1,2,Argentina,team_b_win,3,true,true,2026-07-15T21:30:00+00:00
